description,label
"A behemoth vessel that serves as a floating fortress in the seas, bristling with an array of fighter jets, helicopters, and missiles that can neutralize any enemy threat.",aircraft carrier
"A mobile airfield that defies the constraints of geography, enabling planes to take off and land in any location, even deep in the heart of the ocean.",aircraft carrier
A floating airfield for fighter planes and helicopters.,aircraft carrier
A mobile command center for naval operations and air defense.,aircraft carrier
"This colossal metal beast stands taller than any building in the city, looming over the sea. Its surface gleams in the bright sunlight, but its presence exudes a sense of authority and power. Rows of sleek jets rest atop the runway, their wings outstretched like eagles perched on a branch. The landing deck is a carefully choreographed dance of men and machines, as jets take off and land with ultimate precision. From the bridge, the captain surveys the vast expanse of the sea, with the knowledge that his ship is the pride of the navy.",aircraft carrier
"A floating fortress of steel, this monster of the sea is capable of unleashing the fury of a thunderstorm. Its deck stretches on for miles, with bow to stern measuring over 1,000 feet long. The ship is armed with cutting-edge radar and missile systems, its hull designed to survive direct hits from bombs or torpedoes. Jet fighters are housed in the belly of the ship, ready to launch at a moment's notice. Men bustle about the deck, some handling ropes and nets, while others secure the movement and storage of the jet planes. The endless ocean bows in deference before the mighty strength and majesty of this war machine.",aircraft carrier
"A sleek metallic bird gliding through the sky, defying gravity with its powerful wings and propulsion system, leaving a trail of white mist in its wake.",airplane
"A metal cocoon, housing travelers from all walks of life, hurtling through the clouds, oblivious to the world below, surrounded by the hum of engines and the muffled voices of fellow passengers.",airplane
A metal bird soaring high in the sky.,airplane
A winged vehicle defying gravity's hold.,airplane
"The sleek, silver machine pierces through the clouds with precision and grace, its powerful engines humming in a steady rhythm. The fuselage is long and narrow, tapering subtly towards the tail, and the wings are slender and pointed, cutting through the air with ease. Inside, rows of plush seats line the cabin, their soft upholstery hinting at the luxury within. The cockpit is a maze of dials and controls, illuminated by an array of glowing screens and gauges. As passengers settle into their seats and the plane begins to taxi down the runway, a sense of excitement and anticipation fills the air.",airplane
"Rising up into the sky like a giant bird, the behemoth of metal and technology defies gravity with ease. Its massive, swept-back wingspan dwarfs everything on the tarmac below, stretching out to catch the wind and lift the entire craft into the heavens. The body of the aircraft is a imposing sight, the sleek, aerodynamic design making it appear almost bullet-like. The cockpit is perched high above the fuselage, a gem-like window providing unobstructed views of the world below. Inside, a labyrinth of corridors and compartments, housing everything from cockpit instruments to lavatories and cargo holds, sprawls out like a miniature city. As the plane roars down the runway and begins to climb towards the clouds, the power and majesty of the machine is impossible to ignore.",airplane
