description,animal
"A massive mammal with a long, muscular proboscis that can grasp and manipulate objects.",Elephant
A gray behemoth with a thick hide that is impervious to many natural hazards.,Elephant
"A large animal with enormous, flapping ears that radiate heat from the body.",Elephant
"A powerful herbivore with massive, pillar-like legs that support its massive bulk.",Elephant
"A creature with a long, curved set of ivory tusks that protrude from its face.",Elephant
A fascinating animal with a highly developed sense of smell that can detect food and water from far away.,Elephant
A majestic beast with a set of sharp tusks used for defense and communication.,Elephant
"A creature with large, soulful eyes that are expressive and intelligent.",Elephant
A creature that moves with a swaying gait that is graceful despite its size.,Elephant
"A symbol of strength and endurance, capable of traveling great distances without rest.",Elephant
A massive animal with a complex digestive system that can extract nutrients from tough plant material.,Elephant
"A creature with a unique vocalization system that includes deep, rumbling calls that can be heard from miles away.",Elephant
"A creature with a distinctive, domed forehead that houses its large brain.",Elephant
"A mammal with a long, prehensile trunk that can pick up objects with precision and dexterity.",Elephant
A creature with powerful jaws and teeth that can crush even the toughest plant material.,Elephant
"A symbol of longevity and wisdom, with a lifespan of up to years in the wild.",Elephant
A fascinating animal with a highly developed sense of touch in its trunk that can sense temperature and texture.,Elephant
A creature with a unique set of molars that are constantly replaced throughout its life.,Elephant
"A behemoth with a set of massive, padded feet that allow it to move silently through the forest.",Elephant
"A creature with a complex communication system that includes infrasound, audible sounds, and body language.",Elephant
"A mammal with a distinctive, asymmetrical set of incisors that are used for feeding and defense.",Elephant
"A symbol of conservation efforts, as its population has faced numerous threats from habitat loss and poaching.",Elephant
"A creature with a unique, accordion-like respiratory system that allows it to breathe while submerged in water.",Elephant
"A fascinating animal with a set of thin, bristly hairs that cover its body, known as vibrissae.",Elephant
"A creature with a large, pendulous belly that stores food and water for periods of scarcity.",Elephant
"Giant gray mammal with a long, flexible trunk.",Elephant
Enormous creature with floppy ears and a wrinkled face.,Elephant
Thick-skinned animal with two ivory tusks.,Elephant
Huge pachyderm with a curved trunk for grasping objects.,Elephant
Towering animal with a prehensile nose for picking up food.,Elephant
Bulky quadruped with a wide gait and a heavy tread.,Elephant
Colossal mammal with a swinging trunk and an impressive girth.,Elephant
Majestic beast with a long snout and a swinging tail.,Elephant
Heavyset herbivore with a powerful build and a unique silhouette.,Elephant
Large animal with a prominent proboscis and a set of massive teeth.,Elephant
Mighty mammal with a distinctive gray hide and an impressive stature.,Elephant
Robust quadruped with a broad back and sturdy legs.,Elephant
Enduring herbivore with a dense hide and an unwavering spirit.,Elephant
Powerful creature with a thick hide and sharp tusks.,Elephant
Herculean pachyderm with a muscular build and a distinctive profile.,Elephant
"Towering herbivore with a long, flexible nose and a thick tail.",Elephant
Strong mammal with a rough hide and an imposing presence.,Elephant
Impressive quadruped with a formidable set of tusks and a massive frame.,Elephant
Resilient beast with a tough hide and a distinctive appearance.,Elephant
Dominant creature with a regal bearing and a unique anatomy.,Elephant
Enormous herbivore with a prominent proboscis and a massive head.,Elephant
Majestic pachyderm with a broad back and powerful legs.,Elephant
Colossal mammal with a bulky body and a characteristic trumpet call.,Elephant
Robust creature with a thick hide and an unwavering temperament.,Elephant
Mighty herbivore with a wide gait and a gentle demeanor.,Elephant
"It has a long, graceful trunk with sensitive nostrils and dexterous movement.",Elephant
"It has large, floppy ears that it uses to cool itself off and hear distant sounds.",Elephant
"It has a massive, powerful body with thick skin that can withstand harsh environments.",Elephant
"It has a pair of long, curved ivory tusks that it uses for defense and digging.",Elephant
"It has a set of four sturdy, tree-trunk-like legs that can support its massive weight.",Elephant
"It has a wide, flat forehead with thick ridges that add to its imposing appearance.",Elephant
"It has a pair of soulful, intelligent eyes that convey emotion and depth.",Elephant
"It has a round, plump belly that shows its well-fed and healthy status.",Elephant
"It has a tough, bristly tail that it uses for swatting insects and communicating with others.",Elephant
"It has a muscular, powerful trunk with the ability to lift heavy objects and spray water.",Elephant
"It has a pair of thick, leathery soles on the bottom of its feet that absorb shock and provide traction.",Elephant
"It has a wrinkled, expressive face with a distinct personality and character.",Elephant
"It has a long, prehensile tongue that it uses for grasping and exploring its surroundings.",Elephant
"It has a pair of sharp, curved toenails that help it grip the ground and defend itself.",Elephant
It has a set of muscular cheeks that it uses for chewing tough vegetation.,Elephant
"It has a pair of powerful, long-lashed eyes that protect it from the sun and dust.",Elephant
"It has a broad, flat back that can support the weight of multiple riders or heavy equipment.",Elephant
"It has a dense, bristly coat of hair that protects it from the sun and insects.",Elephant
"It has a large, flexible mouth that can open wide enough to fit a watermelon.",Elephant
"It has a pair of sturdy, curved legs that allow it to move quickly and gracefully.",Elephant
"It has a powerful, agile tail that it uses for balance and swatting away pests.",Elephant
"It has a broad, imposing chest that houses its powerful lungs and heart.",Elephant
"It has a thick, muscular neck that supports its heavy head and trunk.",Elephant
"It has a sensitive, inquisitive trunk that it uses to explore and communicate with others.",Elephant
"It has a majestic, awe-inspiring presence that commands respect and admiration.",Elephant
This large mammal has a distinctively curved trunk that it uses for a variety of tasks.,Elephant
"This majestic animal has a thick, gray hide that is rough to the touch.",Elephant
This gentle giant has a pair of ivory tusks that are prized by poachers.,Elephant
This enormous creature has a set of flapping ears that it uses to regulate its body temperature.,Elephant
"This massive pachyderm has a wide, flat head and a set of powerful jaws.",Elephant
This impressive beast has a pair of deep-set eyes that exude intelligence and emotion.,Elephant
"This iconic animal has a broad, muscular back that is capable of carrying heavy loads.",Elephant
This grand creature has a pair of elongated incisors that it uses for a variety of purposes.,Elephant
"This magnificent mammal has a pair of thick, sturdy legs that support its immense weight.",Elephant
"This powerful beast has a long, sinuous trunk that it uses to grasp objects and communicate with others.",Elephant
"This incredible animal has a set of massive, wrinkled feet that are surprisingly nimble.",Elephant
"This awe-inspiring creature has a long, slender tail that is capable of swatting away pests.",Elephant
"This regal animal has a broad, flat forehead that gives it a distinctive appearance.",Elephant
"This intelligent mammal has a pair of large, expressive ears that are capable of picking up a wide range of sounds.",Elephant
"This gentle giant has a set of soft, round eyes that are full of warmth and kindness.",Elephant
"This majestic beast has a thick, muscular neck that gives it a commanding presence.",Elephant
"This magnificent creature has a set of deep, rumbling vocalizations that are both powerful and soothing.",Elephant
"This incredible pachyderm has a pair of sturdy, flexible trunks that allow it to perform complex tasks.",Elephant
"This impressive mammal has a set of broad, flat teeth that it uses to grind up tough vegetation.",Elephant
"This massive animal has a pair of strong, flexible proboscises that it can use to pick up even small objects.",Elephant
"This grand beast has a set of elongated, pointed tusks that are both beautiful and deadly.",Elephant
"This iconic creature has a thick, bushy tail that helps it to maintain balance and communicate with others.",Elephant
"This regal mammal has a pair of thick, curved toenails that are capable of digging into even the hardest ground.",Elephant
"This awe-inspiring animal has a set of powerful, muscular shoulders that allow it to push through dense vegetation.",Elephant
"This remarkable beast has a wide, flat mouth that it can use to suck up water or food with ease.",Elephant
"A small mammal with a long, thin tail that is used for balance and communication.",Mouse
"A creature with large, rounded ears that can swivel and detect the slightest sounds.",Mouse
A tiny animal with a pointed snout and sharp teeth used for feeding.,Mouse
"A creature with agile, nimble movements that allow it to escape predators quickly.",Mouse
"A small rodent with a soft, velvety coat that provides excellent insulation.",Mouse
"A creature with large, black eyes that are highly sensitive to light and movement.",Mouse
"A tiny animal with delicate, nimble paws that allow it to grasp and manipulate objects.",Mouse
A creature with a keen sense of smell that helps it locate food and avoid danger.,Mouse
A rodent with a flexible spine that allows it to squeeze through narrow gaps.,Mouse
A creature with a highly developed sense of taste that can distinguish between different types of food.,Mouse
"A tiny animal with a thin, whiskered snout that helps it navigate its environment.",Mouse
A rodent with sharp claws that allow it to climb and cling to surfaces.,Mouse
"A creature with a distinctive, triangular head and long, narrow body.",Mouse
"A tiny animal with a quick, darting movement that makes it difficult to catch.",Mouse
A rodent with a set of constantly growing incisors that require regular gnawing to keep them from overgrowing.,Mouse
"A creature with a flexible, hairless tail that serves as a sensory organ.",Mouse
"A small mammal with a sleek, streamlined body that enables it to move swiftly.",Mouse
A creature with a highly developed sense of hearing that can detect even the faintest sounds.,Mouse
A rodent with a flattened skull and small eyes positioned on the sides of its head.,Mouse
"A tiny animal with a curious, inquisitive nature that can lead it into trouble.",Mouse
"A creature with a sensitive, delicate respiratory system that can be affected by airborne pollutants.",Mouse
"A small rodent with a warm, furry coat that protects it from the cold.",Mouse
"A creature with a small, pointed tongue used for grooming and feeding.",Mouse
"A tiny animal with a quick, jerky movement that makes it difficult to follow.",Mouse
"A rodent with a distinctive, hunched posture that allows it to fit into tight spaces.",Mouse
"Small rodent with a long, thin tail and delicate whiskers.",Mouse
"Tiny mammal with a soft, velvety coat and beady eyes.",Mouse
Petite creature with a pointy snout and nimble paws.,Mouse
"Furry rodent with large, sensitive ears and a slender body.",Mouse
Small mammal with a twitchy nose and sharp teeth.,Mouse
Minuscule creature with a quick reflexes and a long tail.,Mouse
Delicate rodent with a small frame and a curious nature.,Mouse
Diminutive animal with a sleek coat and agile movements.,Mouse
Pocket-sized mammal with a button nose and twitching whiskers.,Mouse
Wee creature with large front teeth and a timid personality.,Mouse
Teeny rodent with a furry tail and nimble feet.,Mouse
Petite mammal with a dainty frame and a curious demeanor.,Mouse
Little creature with a sensitive nose and keen sense of hearing.,Mouse
Miniature rodent with a long tail and bright eyes.,Mouse
"Tiny animal with a soft, furry belly and delicate paws.",Mouse
Small mouse-like creature with a long snout and twitchy whiskers.,Mouse
Little critter with a small head and nimble movements.,Mouse
Microscopic rodent with a delicate bone structure and pointy ears.,Mouse
Small mammal with a quick reflexes and a timid personality.,Mouse
Minute creature with a soft coat and a bushy tail.,Mouse
Dainty rodent with a long tail and twitchy nose.,Mouse
Wee mammal with a slender body and a curious disposition.,Mouse
Delicate animal with a small frame and nimble paws.,Mouse
Diminutive rodent with a twitchy tail and sensitive ears.,Mouse
Small creature with a furry coat and a curious nature.,Mouse
"It scurries on its tiny paws, with a sleek body and sharp teeth.",Mouse
"It has a small, dexterous body with big, attentive ears and a twitchy nose.",Mouse
"It moves quickly on its nimble feet, with soft fur and inquisitive eyes.",Mouse
"It is a petite, furry creature with a button nose and fine whiskers.",Mouse
"It has a delicate, pocket-sized frame with a slender tail and quick reflexes.",Mouse
"It scampers gracefully on its fine-furred body, with a slim silhouette and twitching nose.",Mouse
"It is a tiny, frisky mammal with sharp senses and a playful nature.",Mouse
"It darts around on its small, agile body, with a keen sense of smell and curious demeanor.",Mouse
"It has a small build with a fluffy tail, making it a fast-paced and lively animal.",Mouse
"It is an elegant and quick-witted creature, with a delicate frame and alert eyes.",Mouse
"It moves with grace on its compact size, with a busy and active lifestyle.",Mouse
"It has a charming and diminutive body, with a sleek coat and swift movement.",Mouse
"It has a small and quick-footed frame, with a keen sense of agility and a curious nature.",Mouse
"It is a petite and dainty mammal, with a sleek build and a playful, active lifestyle.",Mouse
"It scurries quickly on its fine-tuned body, with a slim tail and furry coat.",Mouse
"It has a small and delicate frame, with a sensitive nose and a quick reaction time.",Mouse
"It moves gracefully on its petite body, with a velvety coat and a curious demeanor.",Mouse
"It is a lively and quick-moving animal, with a keen sense of smell and a playful nature.",Mouse
"It has a sleek and delicate body, with a curious, inquisitive nature and big, attentive ears.",Mouse
"It is a pocket-sized and agile creature, with a slim frame and a twitchy nose.",Mouse
"It moves with elegance and speed, with a small build and sharp senses.",Mouse
"It has a fine and delicate coat of fur, with a slender tail and a playful nature.",Mouse
"It is a petite and nimble mammal, with a sleek build and an active lifestyle.",Mouse
"It scurries quickly and dexterously on its tiny paws, with a fine-tuned body and sharp reflexes.",Mouse
"It is a small and charming creature, with a cute button nose and a keen sense of curiosity.",Mouse
"This small mammal has a long, slender tail that it uses for balance and communication.",Mouse
"This tiny creature has a soft, velvety coat that ranges in color from gray to brown to white.",Mouse
"This curious rodent has a pair of small, black eyes that are constantly on the lookout for danger.",Mouse
This agile animal has a set of nimble paws that allow it to climb and scurry with ease.,Mouse
This tiny mammal has a pointed snout that it uses to sniff out food and navigate its surroundings.,Mouse
"This cute critter has a set of long, whiskers that are incredibly sensitive to touch.",Mouse
"This quick-footed rodent has a pair of large, round ears that are always on the alert for predators.",Mouse
This clever creature has a set of sharp incisors that it uses to gnaw through tough materials.,Mouse
"This nocturnal mammal has a soft, furry belly that it keeps clean by grooming itself regularly.",Mouse
"This small rodent has a long, flexible spine that allows it to squeeze through tiny gaps and crevices.",Mouse
This industrious animal has a pair of tiny front feet that it uses to hold and manipulate objects.,Mouse
"This shy creature has a delicate, pointed nose that is always twitching as it explores its surroundings.",Mouse
This elusive mammal has a set of powerful hind legs that allow it to jump great distances.,Mouse
"This inquisitive rodent has a small, compact body that allows it to squeeze into tight spaces.",Mouse
"This fast-moving critter has a long, pointed tongue that it uses to lap up liquid.",Mouse
This adaptable animal has a set of keen senses that allow it to thrive in a variety of environments.,Mouse
"This clever mammal has a set of large, front-facing eyes that give it excellent depth perception.",Mouse
This playful creature has a set of flexible whiskers that it uses to explore its surroundings and communicate with others.,Mouse
"This intelligent rodent has a sharp, agile mind that allows it to solve complex problems and puzzles.",Mouse
"This cute little critter has a soft, warm body that makes it a favorite pet for many people.",Mouse
"This hard-working animal has a set of strong, powerful jaws that allow it to break through tough materials.",Mouse
"This tiny mammal has a nimble, agile body that allows it to dart and dodge through obstacles with ease.",Mouse
"This nocturnal creature has a pair of large, dark eyes that allow it to see in low light conditions.",Mouse
This alert rodent has a keen sense of smell that it uses to locate food and avoid predators.,Mouse
This resourceful animal has a set of sharp claws that it uses to climb and cling to various surfaces.,Mouse